# id	title	author	url
# One book per line, tab-separated. Titles/authors are from each book's OCR'd title page; multi-volume works
# are "<Title>, Vol. N[: subtitle]" so citations can be linked to the right volume. url = Internet Archive page.
2015	Types of Philosophy	William Ernest Hocking	
The-Degrees-Of-Knowledge	The Degrees of Knowledge	Jacques Maritain	
The-Unity-Of-Philosophical-Experience	The Unity of Philosophical Experience	Étienne Gilson	
abrieftextbookof00coppuoft	A Brief Text-Book of Logic and Mental Philosophy	Charles Coppens	https://archive.org/details/abrieftextbookof00coppuoft
barbaracelarent033237mbp	Barbara Celarent: A Description of Scholastic Dialectic	Thomas Gilby	https://archive.org/details/barbaracelarent033237mbp
brieftextbookofm00coppuoft	A Brief Text-Book of Moral Philosophy	Charles Coppens	https://archive.org/details/brieftextbookofm00coppuoft
christianapologe00devirich	Christian Apologetics: A Defense of the Catholic Faith	W. Devivier	https://archive.org/details/christianapologe00devirich
christologyadog00pohlgoog	Christology: A Dogmatic Treatise on the Incarnation	Joseph Pohle	https://archive.org/details/christologyadog00pohlgoog
cosmologyanintro01oneiuoft	Cosmology: An Introduction to the Philosophy of Matter, Vol. I: The Greeks and the Aristotelian Schoolmen	John O'Neill	https://archive.org/details/cosmologyanintro01oneiuoft
deathofsocrates032873mbp	The Death of Socrates: An Interpretation of the Platonic Dialogues	Romano Guardini	https://archive.org/details/deathofsocrates032873mbp
divinetrinityad00pohlgoog	The Divine Trinity: A Dogmatic Treatise	Joseph Pohle	https://archive.org/details/divinetrinityad00pohlgoog
epistemologyort00coffgoog	Epistemology, or the Theory of Knowledge, Vol. I	P. Coffey	https://archive.org/details/epistemologyort00coffgoog
epistemologyort00unkngoog	Epistemology, or the Theory of Knowledge, Vol. II	P. Coffey	https://archive.org/details/epistemologyort00unkngoog
eschatologyorca00preugoog	Eschatology: The Catholic Doctrine of the Last Things	Joseph Pohle	https://archive.org/details/eschatologyorca00preugoog
generalmetaphys00rickuoft	General Metaphysics	John Rickaby	https://archive.org/details/generalmetaphys00rickuoft
god_his_existance_1	God: His Existence and His Nature, Vol. I	Réginald Garrigou-Lagrange	
god_his_existance_2	God: His Existence and His Nature, Vol. II	Réginald Garrigou-Lagrange	
godadogmatictrea00pohluoft	God: The Author of Nature and the Supernatural	Joseph Pohle	https://archive.org/details/godadogmatictrea00pohluoft
godhisknowabilit00pohluoft	God: His Knowability, Essence, and Attributes	Joseph Pohle	https://archive.org/details/godhisknowabilit00pohluoft
graceactualhabit07pohl	Grace, Actual and Habitual: A Dogmatic Treatise	Joseph Pohle	https://archive.org/details/graceactualhabit07pohl
greekphilosophyt00burn	Greek Philosophy: Thales to Plato	John Burnet	https://archive.org/details/greekphilosophyt00burn
handbookofmoralt01kochuoft	A Handbook of Moral Theology, Vol. I: Introduction; Morality, Its Subject, Norm, and Object	Antony Koch	https://archive.org/details/handbookofmoralt01kochuoft
lecturesonrepubl00nett	Lectures on the Republic of Plato	Richard Lewis Nettleship	https://archive.org/details/lecturesonrepubl00nett
manualofcatholic01scheiala	A Manual of Catholic Theology, Vol. I	Joseph Wilhelm and Thomas B. Scannell	https://archive.org/details/manualofcatholic01scheiala
manualofcatholic02scheiala	A Manual of Catholic Theology, Vol. II	Joseph Wilhelm and Thomas B. Scannell	https://archive.org/details/manualofcatholic02scheiala
mariologydogmati00pohl	Mariology: A Dogmatic Treatise on the Blessed Virgin Mary, Mother of God	Joseph Pohle	https://archive.org/details/mariologydogmati00pohl
medievallogic033046mbp	Medieval Logic: An Outline of Its Development from 1250 to c. 1400	Philotheus Boehner	https://archive.org/details/medievallogic033046mbp
metaphysicsscho02harpgoog	The Metaphysics of the School, Vol. I	Thomas Harper	https://archive.org/details/metaphysicsscho02harpgoog
metaphysicsscho00unkngoog	The Metaphysics of the School, Vol. II	Thomas Harper	https://archive.org/details/metaphysicsscho00unkngoog
metaphysicsscho01harpgoog	The Metaphysics of the School, Vol. III	Thomas Harper	https://archive.org/details/metaphysicsscho01harpgoog
moraltheology02kochuoft	A Handbook of Moral Theology, Vol. II: Sin and the Means of Grace	Antony Koch	https://archive.org/details/moraltheology02kochuoft
moraltheology03kochuoft	A Handbook of Moral Theology, Vol. III: Man's Duties to Himself	Antony Koch	https://archive.org/details/moraltheology03kochuoft
naturaltheology00boeduoft	Natural Theology	Bernard Boedder	https://archive.org/details/naturaltheology00boeduoft
ontologyortheory00coffrich	Ontology, or the Theory of Being: An Introduction to General Metaphysics	P. Coffey	https://archive.org/details/ontologyortheory00coffrich
outlinesofdogmat01hunt	Outlines of Dogmatic Theology, Vol. I	Sylvester Joseph Hunter	https://archive.org/details/outlinesofdogmat01hunt
outlinesofdogmat02hunt	Outlines of Dogmatic Theology, Vol. II	Sylvester Joseph Hunter	https://archive.org/details/outlinesofdogmat02hunt
outlinesofdogmat03hunt	Outlines of Dogmatic Theology, Vol. III	Sylvester Joseph Hunter	https://archive.org/details/outlinesofdogmat03hunt
philosophersofgr002376mbp	The Philosophers of Greece	Robert S. Brumbaugh	https://archive.org/details/philosophersofgr002376mbp
philosophyofstth00gils_0	The Philosophy of St. Thomas Aquinas	Étienne Gilson	https://archive.org/details/philosophyofstth00gils_0
platoplatonis00pate	Plato and Platonism: A Series of Lectures	Walter Pater	https://archive.org/details/platoplatonis00pate
platothemanandhi032950mbp	Plato: The Man and His Work	A. E. Taylor	https://archive.org/details/platothemanandhi032950mbp
principlesapolog00walsuoft	The Principles of Christian Apologetics	T. J. Walshe	https://archive.org/details/principlesapolog00walsuoft
principlesoflogi00joycrich	Principles of Logic	George Hayward Joyce	https://archive.org/details/principlesoflogi00joycrich
principlesofnatu00joycuoft	Principles of Natural Theology	George Hayward Joyce	https://archive.org/details/principlesofnatu00joycuoft
psychologyempiri00maherich	Psychology: Empirical and Rational	Michael Maher	https://archive.org/details/psychologyempiri00maherich
sacramentsdogmat01pohluoft	The Sacraments, Vol. I: The Sacraments in General, Baptism, Confirmation	Joseph Pohle	https://archive.org/details/sacramentsdogmat01pohluoft
sacramentsdogmat02pohluoft	The Sacraments, Vol. II: The Holy Eucharist	Joseph Pohle	https://archive.org/details/sacramentsdogmat02pohluoft
sacramentsdogmat03pohluoft	The Sacraments, Vol. III: Penance	Joseph Pohle	https://archive.org/details/sacramentsdogmat03pohluoft
sacramentsdogmat04pohluoft	The Sacraments, Vol. IV: Extreme Unction, Holy Orders, Matrimony	Joseph Pohle	https://archive.org/details/sacramentsdogmat04pohluoft
saint-thomas-aquinas-by-g-k-chesterton	Saint Thomas Aquinas	G. K. Chesterton	
scholasticism00rickrich	Scholasticism	Joseph Rickaby	https://archive.org/details/scholasticism00rickrich
scholasticismol00wulfgoog	Scholasticism Old and New: An Introduction to Scholastic Philosophy, Medieval and Modern	Maurice De Wulf	https://archive.org/details/scholasticismol00wulfgoog
scienceofethics01cron	The Science of Ethics, Vol. I: General Ethics	Michael Cronin	https://archive.org/details/scienceofethics01cron
scienceofethics02cron	The Science of Ethics, Vol. II: Special Ethics	Michael Cronin	https://archive.org/details/scienceofethics02cron
soteriology00pohluoft	Soteriology: A Dogmatic Treatise on the Redemption	Joseph Pohle	https://archive.org/details/soteriology00pohluoft
thescienceoflogi01coffuoft	The Science of Logic, Vol. I: Conception, Judgment, and Inference	P. Coffey	https://archive.org/details/thescienceoflogi01coffuoft
thescienceoflogi02coffuoft	The Science of Logic, Vol. II: Method, Science, and Certitude	P. Coffey	https://archive.org/details/thescienceoflogi02coffuoft
